storeName,storeAddress,storeTel,storeHours
一心,"高雄市前鎮區一心二路45號,高雄市,高雄市前鎮區,802",(07)3300900,一~日9:30AM-11:00PM
七堵,"基隆市七堵區明德一路188號1-2F,基隆市,基隆市七堵區,206",(02)24565652,一~日9:00AM-11:00PM
七張,"新北市新店區北新路二段65號,新北市,新北市新店區,23143",(02)29112371,一~日10:00AM-11:00PM
三和,"新北市三重區三和路四段155巷2號、157號,新北市,新北市三重區,241",(02)82870796,一~日9:30AM-12:00AM
三和2,"新北市三重區三和路四段420號,新北市,新北市三重區,24154",(02)22800915,一~日9:00AM-11:00PM
三峽,"新北市三峽區民生街119-2號,新北市,新北市三峽區,237  ",(02)26728785        ,"一~五9:00AM-11:00PM
六~日8:00AM-11:00PM"
三民,"台中市北區三民路三段92-3號,台中市,台中市北區,404  ",(04)22260075        ,一~日10:30AM-12:00AM
三總,"台北市內湖區成功路二段325號B1,台北市,台北市內湖區,11490",(02)27912391,一~日9:00AM-9:00PM
三芝,"新北市三芝區育英街1號,新北市,新北市三芝區,25541",(02)26369211,一~日10:30AM-10:00PM
三華,"新北市三重區中華路99、101號1-4F,新北市,新北市三重區,241",(02)89827815,一~日10:00AM-11:00PM
三重,"新北市三重區重新路二段78號,新北市,新北市三重區,241",(02)29788524,一~日10:00AM-11:00PM
中三,"桃園市中壢區新生路40號,桃園市,桃園市中壢區,320",(03)4278267,一~日9:30AM-11:00PM
中原,"桃園市中壢區日新路82號,桃園市,桃園市中壢區,320",(03)4372449,一~日10:00AM-12:00AM
中原2,"桃園市中壢區中山東路二段26號1-2F,桃園市,桃園市中壢區,320  ",(03)4370348         ,一~日9:00AM-10:30PM
中和,"新北市中和區興南路一段47號,新北市,新北市中和區,235",(02)31515425,一~日8:00AM-2:00AM
中坡,"台北市南港區忠孝東路五段982號,台北市,台北市南港區,115  ",(02)26522251        ,一~日9:00AM-11:00PM
中央,"新北市三重區中央北路134號,新北市,新北市三重區,241",(02)29777276,一~日10:00AM-11:30PM
中山,"新北市永和區中山路一段212號,新北市,新北市永和區,234",(02)29250603,一~日10:00AM-11:00PM
中山北,"台南市永康區中山北路31&33號,台南市,台南市永康區,71071",(06)2320600,一~日10:00AM-10:00PM
中山南,"台南市永康區中山南路237號1樓,台南市,台南市永康區,71078",(06)3021600,一~日10:00AM-11:00PM
中山東,"桃園市桃園區中山東路32-4號B1-2樓,桃園市,桃園市桃園區,33048",(03)3311461,一~日10:00AM-11:00PM
中平,"新北市新莊區中平路87巷1號B1-2F,新北市,新北市新莊區,242  ",(02)22779815        ,一~日10:00AM-11:00PM
中正,"桃園市桃園區中正路54號,桃園市,桃園市桃園區,330  ",(03)3381469         ,一~日12:00AM-12:00AM
中正北,"新北市三重區中正北路189號1-2樓,新北市,新北市三重區,24157",(02)29710809,一~日10:00AM-10:00PM
中正西,"新竹縣竹北市中正西路19號1-3樓,新竹縣,新竹縣竹北市,30284",(03)6563709,一~日10:30AM-10:30PM
中港,"新北市新莊區中港路297號,新北市,新北市新莊區,242  ",(02)89915400        ,一~日10:00AM-11:00PM
中科,"台中市西屯區西屯路三段287,289號,台中市,台中市西屯區,40763",(04)24608328,一~日10:00AM-11:00PM
中站,"台中市中區臺灣大道一段25號1-3F,台中市,台中市中區,400",(04)22273218,一~日10:00AM-11:00PM
中興,"新北市永和區中興街91號1-2F,新北市,新北市永和區,234  ",(02)29240578        ,一~日9:00AM-10:30PM
中連,"新北市中和區中和路1號,新北市,新北市中和區,235",(02)22405711,一~日12:00AM-12:00AM
二林,"彰化縣二林鎮中山路110號,彰化縣,彰化縣二林鎮,526",(04)8958408,一~日9:00AM-10:00PM
五分埔,"台北市松山區松山路111號B1-1F,台北市,台北市松山區,105",(02)27666400,一~日9:00AM-2:00AM
五權,"新北市新莊區五權一路48號1-3F,新北市,新北市新莊區,242",(02)89904400,一~日10:00AM-10:30PM
五權店,"新北市新莊區五權一路48號1-3F,新北市,新北市新莊區,242  ",(02)89904400        ,一~日10:00AM-10:30PM
五甲,"高雄市鳳山區五甲二路690號,高雄市,高雄市鳳山區,830",(07)8210753,一~日9:30AM-11:00PM
五股,"新北市五股區工商路80號、82號1-2F,新北市,新北市五股區,248",(02)22920955,一~日10:00AM-11:00PM
五華,"新北市三重區五華街59、61號,新北市,新北市三重區,241",(02)89830409,一~日10:00AM-12:00AM
亞東,"新北市板橋區四川路二段51號、47巷2號1F、51號2F,新北市,新北市板橋區,22061",(02)89660526,一~日9:30AM-10:30PM
京站,"台北市大同區市民大道一段209號1樓,台北市,台北市大同區,103",(02)25525682,一~日12:00AM-12:00AM
京華城,"台北市松山區八德路四段138號B2,台北市,台北市松山區,105",(02)37621503,"日~四11:00AM-9:30PM
五~六11:00AM-10:30PM"
仁三,"基隆市仁愛區仁三路68號,基隆市,基隆市仁愛區,20048",(02)24250168,"一~五10:00AM-11:00PM
六~日10:00AM-11:30PM"
仁化,"台中市大里區仁化路563號1-3F,台中市,台中市大里區,412  ",(04)24913090        ,一~日10:00AM-11:00PM
仁德,"台南市仁德區中正路三段12、14號1-4F,台南市,台南市仁德區,717",(06)2494504,一~日9:30AM-10:30PM
仁忠,"高雄市仁武區仁忠路202號1樓,高雄市,高雄市仁武區,814  ",(07)3742855         ,一~日10:00AM-11:00PM
仁武,"高雄市仁武區仁武村中正路190-1、192號1-2F,高雄市,高雄市仁武區,814",(07)3751473,一~日10:00AM-10:00PM
介壽,"桃園市八德區介壽路二段1068號1樓,桃園市,桃園市八德區,33447",(03)3652639,一~日10:30AM-10:00PM
伊通,"台北市中山區南京東路二段178號,台北市,台北市中山區,104",(02)25079825,"一~五8:00AM-11:00PM
六~日10:00AM-11:00PM"
佳里,"台南市佳里區義民街219、221號,台南市,台南市佳里區,722",(06)7210648,一~日9:00AM-10:00PM
來來,"桃園市中壢區中山路118號B1-1F,桃園市,桃園市中壢區,320  ",(03)4275015         ,一~日9:30AM-11:00PM
信義三,"台北市大安區信義路四段22號1-2F,台北市,台北市大安區,110",(02)27087161,一~日8:00AM-11:00PM
健行,"桃園市中壢區健行路200號及200之1號1樓,桃園市,桃園市中壢區,320",(03)4570272,一~日10:00AM-10:00PM
光南,"台北市信義區光復南路445-1、445-2號,台北市,台北市信義區,110",(02)27587159,一~日10:00AM-12:00AM
光明,"台南市東區光明街14、16號1-2F,台南市,台南市東區,701",(06)2368770,一~日10:00AM-11:00PM
光華,"新北市蘆洲區光華路38號1-3F,新北市,新北市蘆洲區,247",(02)22839078,一~日10:00AM-11:00PM
內埔,"屏東縣內埔鄉廣濟路179、181號1-3F,屏東縣,屏東縣內埔鄉,912",(08)7784325,一~日9:30AM-11:00PM
內壢,"桃園市中壢區中華路一段209、211號,桃園市,桃園市中壢區,320",(03)4342842,一~日9:30AM-11:00PM
內湖,"台北市內湖區成功路四段46號,台北市,台北市內湖區,114",(02)27929221,一~日12:00AM-12:00AM
八德,"桃園市八德區介壽路一段950、952號,桃園市,桃園市八德區,334",(03)3612273,一~日9:00AM-11:00PM
公園,"台南市中西區公園路32號,台南市,台南市中西區,700",(06)2241202,一~日10:00AM-11:00PM
公益,"台中市西區公益路175號,台中市,台中市西區,403",(04)2301-6518,一~日10:00AM-12:00AM
公館,"苗栗縣公館鄉大同路154、156號,苗栗縣,苗栗縣公館鄉,363  ",(037)239647         ,一~日10:00AM-10:30PM
六合,"高雄市新興區六合一路94號,高雄市,高雄市新興區,800  ",(07)2371708         ,一~日9:30AM-11:00PM
六合2,"高雄市新興區六合二路86號1樓,高雄市,高雄市新興區,80049",(07)2851376,一~日12:00AM-12:00AM
六合發,"高雄市新興區六合二路14號,高雄市,高雄市新興區,800",(07)2853708,一~日10:30AM-2:00AM
六甲,"台南市六甲區中山路2號1-5F,台南市,台南市六甲區,734",(06)6991748,一~日9:00AM-10:00PM
劍潭,"台北市士林區大東路11-7號1樓,台北市,台北市士林區,11162",(02)28827326,一~日11:00AM-2:00AM
劍潭2,"台北市士林區劍潭路15號,台北市,台北市士林區,11167",(02)28818356,一~日8:00AM-11:00PM
力行,"新北市三重區忠孝路二段107號、力行路一段183號,新北市,新北市三重區,241",(02)29849484,一~日10:00AM-11:00PM
勝利,"台南市東區勝利路157號1-3F,台南市,台南市東區,701  ",(06)2367417         ,一~日10:00AM-11:30PM
勤益,"台中市太平區中山路一段215巷1、3號1-2F,台中市,台中市太平區,411",(04)23919289,一~日10:30AM-11:00PM
北埔,"桃園市桃園區中正路513號1-4F,桃園市,桃園市桃園區,330",(03)3316084,一~日12:00AM-12:00AM
北大,"新竹市北區西大路558號,新竹市,新竹市北區,300",(03)5278463,一~日12:00AM-12:00AM
北投,"台北市北投區光明路223、223-1號,台北市,台北市北投區,112  ",(02)28964701        ,一~日10:00AM-11:00PM
北投二,"台北市北投區中和街319號1-3樓、321號1樓,台北市,台北市北投區,11252",(02)28957295,一~日9:30AM-10:30PM
北斗,"彰化縣北斗鎮中華路261號1-5F,彰化縣,彰化縣北斗鎮,521",(04)8888117,一~日9:30AM-11:00PM
北新,"新北市新店區北新路三段77號,新北市,新北市新店區,231",(02)29157636,一~日10:00AM-12:00AM
北港,"雲林縣北港鎮民主路98、100號1-3F,雲林縣,雲林縣北港鎮,651",(05)7825108,一~日9:00AM-10:30PM
北辰,"澎湖縣馬公市中華路59-2、59-3號1-2F,澎湖縣,澎湖縣馬公市,880  ",(06)9269149         ,一~日9:00AM-11:00PM
南二,"台北市松山區南京東路五段64號,台北市,台北市松山區,105",(02)27631237,一~日12:00AM-12:00AM
南京東,"台北市中山區南京東路三段125號,台北市,台北市中山區,10487",(02)25015861,一~日8:00AM-11:00PM
南勢角,"新北市中和區景新街420,422,424號1-2F,新北市,新北市中和區,235  ",(02)29442078        ,一~日10:00AM-11:00PM
南大,"新竹市東區南大路317、319號1-2F,新竹市,新竹市東區,300  ",(03)5610923         ,一~日9:30AM-11:00PM
南寧,"台北市松山區南京東路四段131號,台北市,台北市松山區,10580",(02)27132659,"一~五9:00AM-11:00PM
六~日10:00AM-11:00PM"
南屯,"台中市南屯區南屯路二段391號1-5F,台中市,台中市南屯區,408",(04)23812670,一~日9:30AM-11:00PM
南山,"台北市大安區通化街37號,台北市,台北市大安區,10679",(02)27064707,一~日9:00AM-2:00AM
南崁,"桃園市蘆竹區南崁路200號1-3F,桃園市,桃園市蘆竹區,338  ",(03)3129627         ,一~日9:00AM-11:00PM
南投,"南投縣南投市復興路137號1-2F,南投縣,南投縣南投市,540",(049)2234178,一~日10:00AM-10:30PM
南投2,"南投縣南投市彰南路二段26號1-3F,南投縣,南投縣南投市,540",(049)2245216,一~日10:00AM-10:00PM
南民,"台南市中西區民族路三段287號1-2樓,台南市,台南市中西區,70060",(06)2209300,一~日10:00AM-10:30PM
南竹,"桃園市蘆竹區南竹路一段60號,桃園市,桃園市蘆竹區,338  ",(03)2121069         ,一~日10:00AM-11:00PM
南華,"高雄市新興區林森一路166號1-3F,高雄市,高雄市新興區,800  ",(07)2418931         ,一~日10:00AM-11:00PM
南西二,"台北市大同區南京西路42號,台北市,台北市大同區,104",(02)25581050,一~日9:30AM-11:00PM
南西門,"台南市南區西門路一段665號,台南市,台南市南區,70245",(06)2201721,一~日10:00AM-11:00PM
南門,"桃園市桃園區南華街107、109號1-2F,桃園市,桃園市桃園區,330  ",(03)3313849         ,一~日9:00AM-10:30PM
南陽,"台北市中正區南陽街15號,台北市,台北市中正區,100",(02)23110661,一~日9:30AM-11:00PM
南雅,"新北市板橋區南雅南路一段27號1F,新北市,新北市板橋區,220",(02)29686093,一~日9:00AM-11:00PM
南青,"台南市中西區青年路148號,台南市,台南市中西區,700  ",(06)2288074         ,一~日9:30AM-11:00PM
友愛,"台南市中西區國華街二段159號,台南市,台南市中西區,700",(06)2259141,一~日10:00AM-10:30PM
台中,"台中市中區繼光街88、90號1-2F,台中市,台中市中區,400  ",(04)22239369        ,一~日10:00AM-10:30PM
台安,"台北市松山區八德路二段406號,台北市,台北市松山區,105",(02)27118985,一~日8:30AM-11:00PM
台東,"台東縣台東市正氣路171、173、175號,台東縣,台東縣台東市,950",(089)325036,一~日9:30AM-11:00PM
台東二,"台東縣成功鎮中華路63,65號,台東縣,台東縣成功鎮,96145",(089)855071,一~日10:00AM-10:00PM
右昌,"高雄市左營區後昌路651號,高雄市,高雄市左營區,813",(07)3645687,一~日10:00AM-10:30PM
吉安,"花蓮縣吉安鄉中華路二段340號,花蓮縣,花蓮縣吉安鄉,973  ",(03)8541020   ,一~日9:00AM-11:00PM
名間,"南投縣名間鄉南雅街100號1-2F,南投縣,南投縣名間鄉,551",(049)2735103,一~日10:00AM-10:00PM
后里,"台中市后里區甲后路一段447號1-2F,台中市,台中市后里區,421",(04)25588013,一~日9:30AM-11:00PM
向上,"台中市西區向上路一段459號1樓,台中市,台中市西區,40361",(04)24710371,一~日10:00AM-11:00PM
向陽,"台中市豐原區向陽路269、271號1-3F,台中市,台中市豐原區,420  ",(04)25201852        ,一~日10:00AM-11:00PM
吳興,"台北市信義區吳興街225號,台北市,台北市信義區,110",(02)27229927,一~日8:00AM-12:00AM
吳鳳南,"嘉義市東區吳鳳南路300號 1-4樓,嘉義市,嘉義市東區,60065",(05)2305171,一~日10:00AM-10:00PM
和平,"台北市大安區和平東路二段55、57號,台北市,台北市大安區,106",(02)27001139,一~日9:00AM-11:00PM
和平三,"台北市信義區和平東路三段433號1樓及435巷2號B1,台北市,台北市信義區,11057",(02)23772717,一~日10:00AM-11:00PM
和平東,"台北市大安區和平東路一段29號,台北市,台北市大安區,10643",(02)23215970,一~日10:00AM-11:00PM
和美,"彰化縣和美鎮中山路163、165號,彰化縣,彰化縣和美鎮,508",(04)7574369,一~日9:30AM-11:00PM
和順,"台南市安南區安和路四段502號,台南市,台南市安南區,709",(06)3566206,一~日9:30AM-10:30PM
哈瑪星,"高雄市鼓山區濱海一路109號,高雄市,高雄市鼓山區,804",(07)5313090,"一~五10:00AM-10:30PM
六~日9:30AM-11:00PM"
員中,"彰化縣員林鎮中正路197、199號1-2F,彰化縣,彰化縣員林鎮,510  ",(04)8377798         ,一~日10:00AM-10:00PM
員二,"彰化縣員林鎮民權街6、8號,彰化縣,彰化縣員林鎮,510  ",(04)8359146         ,一~日9:30AM-11:00PM
員山,"新北市中和區員山路198號B1-2F,新北市,新北市中和區,235",(02)22281245,一~日9:00AM-11:00PM
善化,"台南市善化區中正路440號1-3F,台南市,台南市善化區,741",(06)5833522,一~日9:00AM-10:30PM
嘉南,"台南市仁德區二仁路一段165號&165-1號1樓,台南市,台南市仁德區,71755",(06)2663211,一~日9:00AM-10:30PM
嘉文,"嘉義市東區文化路116號,嘉義市,嘉義市東區, ",(05)2163507,"日~五10:00AM-11:00PM
六10:00AM-12:00AM"
嘉樂,"嘉義市西區博愛路二段461號B1,嘉義市,嘉義市西區,600  ",(05)2863351         ,一~日10:00AM-10:30PM
嘉民,"嘉義市西區民族路455,457號,嘉義市,嘉義市西區,60045",(05)2271036,一~日10:00AM-11:00PM
嘉義2,"嘉義市西區中山路379、381、383號,嘉義市,嘉義市西區,600  ",(05)2236952         ,一~日10:00AM-11:00PM
四川,"新北市板橋區忠孝路25、27號,新北市,新北市板橋區,220",(02)89642131,一~日9:00AM-11:00PM
四維,"新北市板橋區四維路257號,新北市,新北市板橋區,220",(02)22506004,一~日10:00AM-11:00PM
園區,"新竹市東區光復路一段526號,新竹市,新竹市東區,300  ",(03)5645052         ,一~日10:00AM-11:00PM
土城,"新北市土城區學府路一段109號,新北市,新北市土城區,236",(02)22706583,一~日10:00AM-10:30PM
土城2,"新北市土城區中央路二段169號,新北市,新北市土城區,236",(02)82629870,一~日9:00AM-11:00PM
坎城,"高雄市三民區自由一路80號1-2F,高雄市,高雄市三民區,807",(07)3134042,一~日10:00AM-11:00PM
城中,"台北市中正區重慶南路一段56號,台北市,台北市中正區,100",(02)23825935,一~日9:00AM-11:00PM
城東,"宜蘭縣宜蘭市舊城東路28-3號,宜蘭縣,宜蘭縣宜蘭市,260",(03)9354733,"日~四10:00AM-11:00PM
五~六9:30AM-11:00PM"
埔墘,"新北市板橋區中山路二段188號,新北市,新北市板橋區,220",(02)29526540,一~日9:00AM-11:00PM
埔心,"桃園市楊梅區中興路34、36號B1-3F,桃園市,桃園市楊梅區,326",(03)4317721,一~日9:00AM-10:30PM
埔里,"南投縣埔里鎮南盛街120號,南投縣,南投縣埔里鎮,545",(049)2900963,一~日10:00AM-10:30PM
埔里2,"南投縣埔里鎮中正路463號1樓,南投縣,南投縣埔里鎮,54544",(049)2990607,一~日9:30AM-10:30PM
基隆,"基隆市仁愛區忠一路8號,基隆市,基隆市仁愛區,200  ",(02)24291139        ,一~日9:00AM-11:00PM
墾丁,"屏東縣恆春鎮墾丁路212號1-2F,屏東縣,屏東縣恆春鎮,946",(08)8856947,"日~四11:00AM-10:30PM
五~六11:00AM-12:00AM"
壢新,"桃園市中壢區新生路182號,桃園市,桃園市中壢區,32086",(03)4221490,一~日10:30AM-10:30PM
壢春,"桃園市中壢區長春路1號1-2樓,桃園市,桃園市中壢區,32065",(03)4637704,一~日10:00AM-10:30PM
壢運,"桃園市中壢區中正路99、101號1-2F,桃園市,桃園市中壢區,320",(03)4276511,一~日9:00AM-11:00PM
士捷,"台北市士林區中正路243號,台北市,台北市士林區,111  ",(02)88613257        ,一~日7:30AM-12:00AM
士東,"台北市士林區士東路134號,台北市,台北市士林區,111  ",(02)28313276        ,一~日10:30AM-11:00PM
士林,"台北市士林區中正路285號,台北市,台北市士林區,111",(02)28830443,一~日9:00AM-11:00PM
大同,"台南市東區大同路二段57,59號,台南市,台南市東區,24144",(06)2130286,一~日10:00AM-11:00PM
大園,"桃園市大園區中正東路12、14號,桃園市,桃園市大園區,337",(03)3859675,一~日9:30AM-10:30PM
大坪林,"新北市新店區民權路55號,新北市,新北市新店區,23141",(02)29115165,一~日9:00AM-11:00PM
大寮,"高雄市大寮區鳳林三路330號1-4F,高雄市,高雄市大寮區,831",(07)7867812,一~日9:30AM-10:30PM
大昌,"高雄市三民區大昌二路114號1-3F,高雄市,高雄市三民區,80780",(07)3821427,一~日10:00AM-10:00PM
大林,"嘉義縣大林鎮中正路429、431號1-3F,嘉義縣,嘉義縣大林鎮,622  ",(05)2641603         ,一~日9:00AM-10:00PM
大武崙,"基隆市安樂區基金一路172-1號1-2F,基隆市,基隆市安樂區,204",(02)24301924,一~日9:00AM-11:00PM
大江,"桃園市中壢區中園路二段509號B1F,桃園市,桃園市中壢區,32061",(03)4635315,"一~五11:00AM-10:00PM
六~日10:30AM-10:00PM"
大溪,"桃園市大溪區慈湖路22號,桃園市,桃園市大溪區,335  ",(03)3880246         ,一~日9:00AM-11:00PM
大灣,"台南市永康區大灣路273號B1-2F,台南市,台南市永康區,710  ",(06)2720785         ,一~日9:30AM-11:00PM
大甲,"台中市大甲區蔣公路7、9號,台中市,台中市大甲區,437",(04)26800660,"一~五10:00AM-11:00PM
六~日9:00AM-11:00PM"
大直,"台北市中山區北安路520-4號,台北市,台北市中山區,104  ",(02)25326627        ,一~日10:00AM-11:00PM
大社,"高雄市大社區中山路365號,高雄市,高雄市大社區,815",(07)3524938,一~日9:30AM-11:00PM
大竹,"桃園市蘆竹區大竹路515,517號1F,桃園市,桃園市蘆竹區,33862",(03)3132605,一~日10:00AM-10:00PM
大肚,"台中市大肚區沙田路二段753號,台中市,台中市大肚區,43242",(04)26998109,一~日9:30AM-10:00PM
大興西,"桃園市桃園區大興西路二段39號1-2樓,桃園市,桃園市桃園區,33046",(03)3150722,一~日10:00AM-10:00PM
大買家,"台中市大里區國光路二段710號2F,台中市,台中市大里區,412",(04)24810290,一~日9:30AM-10:30PM
大里,"台中市大里區中興路二段470、472、474號1-2F,台中市,台中市大里區,412",(04)24864562,一~日10:00AM-11:00PM
大雅,"台中市大雅區中清東路197號,台中市,台中市大雅區,428",(04)25693053,一~日9:00AM-11:00PM
大食代,"台北市中山區樂群三路218號1樓,台北市,台北市中山區,10462",(02)85015501,一~日11:00AM-10:00PM
大魯閣,"高雄市前鎮區中安路1-1號3樓,高雄市,高雄市前鎮區,80662",(07)7917891,"一~五11:00AM-10:00PM
六~日10:30AM-10:30PM"
天北,"台北市士林區天母北路6號1樓,台北市,台北市士林區,111  ",(02)28755036        ,一~日10:00AM-11:00PM
天東,"台北市士林區天母東路32號,台北市,台北市士林區,111  ",(02)28747501        ,一~日10:00AM-11:00PM
天祥,"高雄市三民區天祥一路171號,高雄市,高雄市三民區,807  ",(07)3464505         ,一~日10:00AM-11:00PM
太二,"台中市太平區中興路121號1-3F,台中市,台中市太平區,411",(04)22730489,一~日10:00AM-10:30PM
太平,"台中市太平區太平路472-1號,台中市,台中市太平區,411  ",(04)22752103        ,一~日9:00AM-10:00PM
奉化,"桃園市蘆竹區奉化路75號1樓,桃園市,桃園市蘆竹區,33845",(03)2120535,一~日10:00AM-10:00PM
威秀,"台北市信義區松壽路20號1樓,台北市,台北市信義區,11051",(02)87809257,"日~四11:00AM-11:00PM
五~六11:00AM-11:30PM"
學勤,"新北市三峽區大學路150-2號,新北市,新北市三峽區,24144",(02)26716120,一~日10:00AM-11:00PM
學士,"台中市北區健行路449-1號1樓,台中市,台中市北區,40459",(04)22066001,一~日10:00AM-10:30PM
學甲,"台南市學甲區濟生路142號1-4F,台南市,台南市學甲區,726",(06)7836406,一~日9:00AM-10:00PM
安一,"基隆市安樂區安一路115號,基隆市,基隆市安樂區,204  ",(02)24255034        ,一~日9:00AM-11:00PM
安中,"台南市安南區安中路一段799號,台南市,台南市安南區,70943",(06)2559550,一~日10:00AM-10:00PM
安居,"台北市大安區安居街27號1樓,台北市,台北市大安區,10672",(02)23770391,一~日9:00AM-11:00PM
安康,"新北市新店區安康路二段198、198-1號1-2F,新北市,新北市新店區,231  ",(02)86661830        ,一~日10:00AM-11:00PM
安樂,"基隆市安樂區安樂路二段159號1-2F,基隆市,基隆市安樂區,204",(02)24348436,"日~四10:00AM-11:00PM
五~六9:30AM-11:00PM"
宏平,"高雄市小港區宏平路130號,高雄市,高雄市小港區,812  ",(07)8025914         ,一~日10:00AM-11:00PM
宜安,"新北市中和區宜安路148號,新北市,新北市中和區,243",(02)29229690,一~日10:00AM-11:00PM
宜蘭,"宜蘭縣宜蘭市中山路三段23、25號,宜蘭縣,宜蘭縣宜蘭市,260",(039)358595,一~日9:00AM-11:00PM
富國,"新北市新莊區富國路26號1-2F,新北市,新北市新莊區,242  ",(02)29032889        ,一~日9:00AM-11:00PM
察哈爾,"高雄市三民區博愛一路225號,高雄市,高雄市三民區,807  ",(07)3227489         ,一~日9:00AM-11:00PM
實踐,"台北市中山區大直街43號,台北市,台北市中山區,104",(02)25339482,一~日9:30AM-11:00PM
寧夏,"台北市大同區寧夏路9號,台北市,台北市大同區,10356",(02)25589598,"一~四10:00AM-11:00PM
五~日11:00AM-12:00AM"
寧波,"台北市中正區寧波西街46號,台北市,台北市中正區,100",(02)23959463,一~日9:00AM-11:00PM
寶山,"桃園市桃園區寶山街273,275號1樓,桃園市,桃園市桃園區,330  ",(03)3258397         ,一~日9:30AM-11:00PM
小北,"台南市北區公園路902-1號,台南市,台南市北區,704  ",(06)2814012         ,一~日9:00AM-10:30PM
小港,"高雄市小港區漢民路283號,高雄市,高雄市小港區,812  ",(07)8065922         ,一~日9:30AM-11:00PM
屏師,"屏東縣屏東市林森路23-3號1-2F,屏東縣,屏東縣屏東市,900  ",(08)7220523         ,一~日10:00AM-10:30PM
屏東,"屏東縣屏東市民生路301-1號,屏東縣,屏東縣屏東市,900",(08)7651040,一~日10:00AM-11:00PM
屏東4,"屏東縣屏東市中山路65號,屏東縣,屏東縣屏東市,900  ",(08)7342944         ,一~日10:00AM-10:30PM
屏生,"屏東縣屏東市民生路43號1 & 2樓,屏東縣,屏東縣屏東市,90043",(08)7220821,一~日10:30AM-10:00PM
岡山,"高雄市岡山區壽天路111號,高雄市,高雄市岡山區,820  ",(07)6225416         ,"一~四10:00AM-11:00PM
五~日9:30AM-11:00PM"
崇光,"台北市大安區忠孝東路四段15號,台北市,台北市大安區,106",(02)27773807,一~日12:00AM-12:00AM
崇市,"台南市東區崇德路367號1-2F,台南市,台南市東區,701",(06)3364437,一~日9:00AM-11:00PM
崇德,"台中市北屯區崇德路二段65號,台中市,台中市北屯區,406",(04)22325893,一~日10:30AM-11:00PM
崇德2,"台中市北屯區崇德二路一段97號,台中市,台中市北屯區,40654",(04)22420573,一~日10:30AM-10:30PM
崇高,"高雄市左營區崇德路385號1-4F,高雄市,高雄市左營區,813",(07)3489525,一~日9:30AM-11:00PM
崎頂,"桃園市大溪區介壽路848號、848-1號,桃園市,桃園市大溪區,33544",(03)3906771,一~日10:00AM-10:00PM
崑山,"台南市永康區大灣路915號,台南市,台南市永康區,710",(06)2736472,一~日10:00AM-10:30PM
嶺東,"台中市南屯區永春南路52號,台中市,台中市南屯區,40859",(04)23822735,一~日10:00AM-10:00PM
左營,"高雄市左營區左營大路290、292號,高雄市,高雄市左營區,813",(07)5810410,一~日10:00AM-10:30PM
師大,"台北市大安區師大路43號,台北市,台北市大安區,104",(02)23696928,一~日12:00AM-12:00AM
平和,"桃園市平鎮區和平路172號,桃園市,桃園市平鎮市, ",(03)4581476,一~日10:00AM-10:00PM
平鎮,"桃園市平鎮區巿南豐路28-3號,桃園市,桃園市平鎮市,324",(03)4692876,一~日9:30AM-10:30PM
平鎮二,"桃園市平鎮區文化街82號1-4樓,桃園市,桃園市平鎮市,324",(03)4950272,一~日10:00AM-11:00PM
幸福,"新北市新莊區幸福路700號1-2F,新北市,新北市新莊區,242",(02)89913294,一~日10:00AM-11:00PM
康樂,"台北市內湖區康樂街116-4號,台北市,台北市內湖區,11480",(02)26337815,一~日9:00AM-10:30PM
廟口,"基隆市仁愛區愛四路76號,基隆市,基隆市仁愛區,200",(02)24227492,一~日12:00AM-12:00AM
廣州,"高雄市苓雅區廣州一街141-3、141-4號,高雄市,高雄市苓雅區,802",(07)7139231,"一~五9:30AM-11:00PM
六~日9:00AM-11:00PM"
廣東,"屏東縣屏東市廣東路615、617號,屏東縣,屏東縣屏東市,900",(08)7375485,一~日9:30AM-10:30PM
延三,"台北市大同區延平北路三段33號,台北市,台北市大同區,10357",(02)25851060,"日~四10:00AM-11:00PM
五~六10:30AM-11:30PM"
延二,"台北市士林區延平北路六段2、6號1-3F,台北市,台北市士林區,111",(02)28117391,"一~五9:30AM-11:00PM
六~日9:30AM-11:30PM"
延吉,"台北市松山區延吉街7、7-1號,台北市,台北市松山區,105",(02)25785120,"一~五9:30AM-11:00PM
六~日9:00AM-11:00PM"
延和,"新北市土城區延和路170號,新北市,新北市土城區,23648",(02)22635768,一~日10:00AM-10:00PM
延平,"台北市士林區延平北路五段268號,台北市,台北市士林區,111",(02)28127287,一~日10:00AM-11:00PM
建國,"高雄市苓雅區正義路136號1-2F,高雄市,高雄市苓雅區,802",(07)7498307,一~日9:30AM-10:30PM
建工,"高雄市三民區建工路405號,高雄市,高雄市三民區,807  ",(07)3800759         ,一~日9:30AM-11:00PM
建成,"新北市汐止區建成路48,50,52號,新北市,新北市汐止區,221  ",(02)86910218        ,"一~四9:00AM-11:00PM
五~日9:00AM-12:00AM"
建興,"高雄市三民區建興路224號1-6F,高雄市,高雄市三民區,807  ",(07)3890498         ,一~日10:00AM-10:30PM
彰二,"彰化縣彰化市永樂街2號,彰化縣,彰化縣彰化市,500",(04)7228258,一~日10:00AM-11:00PM
彰化,"彰化縣彰化市和平路15號,彰化縣,彰化縣彰化市,500  ",(04)7228983         ,一~日9:00AM-11:00PM
彰化三,"彰化縣彰化市三民路265,267號,彰化縣,彰化縣彰化市,500",(04)7275055,一~日9:30AM-10:30PM
彰南,"彰化縣彰化市彰南路一段417號1-2F,彰化縣,彰化縣彰化市,50053",(04)7371216,一~日10:00AM-10:00PM
後庄,"高雄市大寮區鳳屏ㄧ路281號1樓,高雄市,高雄市大寮區,83146",(07)7013519,一~日10:00AM-10:00PM
後龍,"苗栗縣後龍鎮中北街70-3、70-4號1-2F,苗栗縣,苗栗縣後龍鎮,356",(037)720990,一~日9:30AM-10:30PM
得勝,"新北市蘆洲區得勝街157號,新北市,新北市蘆洲區,247",(02)82821076,一~日8:30AM-11:00PM
得和,"新北市永和區得和路399號,新北市,新北市永和區,234",(02)32336792,一~日9:00AM-11:00PM
復中,"台中市南區台中路64號B1-2F,台中市,台中市南區,402  ",(04)22252631        ,一~日9:30AM-11:00PM
復北,"台北市中山區復興北路60號,台北市,台北市中山區,104",(02)87733068,"一~五8:00AM-12:00AM
六~日9:00AM-12:00AM"
復興,"台北市松山區南京東路三段259號,台北市,台北市松山區,105",(02)27175324,一~日12:00AM-12:00AM
復興南,"台北市松山區復興南路一段49號B1~1樓,台北市,台北市松山區,10556",(02)27519070,一~日10:00AM-11:00PM
復華,"台南市永康區復國一路317、319號1-5F,台南市,台南市永康區,710",(06)2026663,一~日9:30AM-11:00PM
微風站,"台北市中正區北平西路3號1樓,台北市,台北市中正區,10041",(02)23119271,一~日10:00AM-10:00PM
德明,"台北市內湖區內湖路一段279號1-2F,台北市,台北市內湖區,114  ",(02)26272503        ,一~日10:00AM-11:00PM
德民,"高雄市楠梓區德民路977號,高雄市,高雄市楠梓區, ",(07)3637718,一~日10:00AM-10:30PM
德行,"台北市士林區德行東路224號,台北市,台北市士林區,111",(02)28384697,一~日10:00AM-11:00PM
德行東,"台北市士林區德行東路110~112號,台北市,台北市士林區,11147",(02)88662151,一~日9:30AM-11:00PM
德行西,"台北市士林區德行西路78號1樓,台北市,台北市士林區,11158",(02)28312305,一~日10:00AM-10:30PM
德賢,"高雄市楠梓區德賢路193、195號1-2F,高雄市,高雄市楠梓區,811  ",(07)3610030         ,一~日9:00AM-10:45PM
忠五,"台北市信義區忠孝東路五段494號,台北市,台北市信義區,110",(02)27282651,一~日9:00AM-11:00PM
忠孝東,"台北市大安區忠孝東路四段339號,台北市,台北市大安區,10696",(02)27523211,一~日10:00AM-11:00PM
忠明,"台中市南區忠明南路797號,台中市,台中市南區,402",(04)22601806,一~日10:00AM-11:00PM
恆春,"屏東縣恆春鎮中正路75號1-2F,屏東縣,屏東縣恆春鎮,946",(08)8883275,一~日9:30AM-10:30PM
成功,"台南市東區長榮路二段171號,台南市,台南市東區,701",(06)2081715,一~日10:00AM-11:00PM
政大,"台北市文山區指南路二段123、125號,台北市,台北市文山區,116",(02)86617940,一~日10:00AM-11:00PM
文中,"新北市新店區文中路8號B1-3F,新北市,新北市新店區,231",(02)89145828,一~日9:30AM-11:00PM
文林,"台北市士林區文林路130號,台北市,台北市士林區,111",(02)28838569,一~日9:30AM-2:00AM
文橫,"高雄市前鎮區文橫三路190號1-3F,高雄市,高雄市前鎮區,802",(07)3384749,"一~五10:00AM-11:00PM
六~日9:30AM-11:00PM"
文華,"台中市西屯區西屯路二段269-50號1-2F,台中市,台中市西屯區,407  ",(04)27061235        ,一~日10:00AM-12:00AM
斗六,"雲林縣斗六市民生路156號,雲林縣,雲林縣斗六市,640",(05)5350923,一~日9:00AM-11:00PM
斗南,"雲林縣斗南鎮中山路70號1-3F,雲林縣,雲林縣斗南鎮,630",(05)5964400,一~日9:00AM-10:00PM
新化,"台南市新化區信義路213-1號,台南市,台南市新化區,712",(06)5900561,一~日8:30AM-10:30PM
新北門,"台南市東區北門路一段294號,台南市,台南市東區,701",(06)2293819,一~日9:30AM-11:00PM
新南京,"台北市中山區南京東路二段50號,台北市,台北市中山區,104  ",(02)25612417        ,一~日9:30AM-11:00PM
新古亭,"台北市中正區南昌路二段70號,台北市,台北市中正區,100",(02)23650210,一~日10:00AM-11:00PM
新台五,"新北市汐止區新台五路一段161號1-2F,新北市,新北市汐止區,221  ",(02)86919364        ,一~日10:00AM-11:00PM
新台茂,"桃園市蘆竹區南崁路一段112號5樓,桃園市,桃園市蘆竹區,33859",(03)2123119,"一~五11:00AM-10:00PM
六10:30AM-10:30PM"
新和,"新北市新莊區中和街2號,新北市,新北市新莊區,24242",(02)29981678,一~日9:00AM-10:30PM
新塗城,"台中市大里區成功路536號1-2樓,台中市,台中市大里區,41276",(04)24910690,一~日10:00AM-10:00PM
新大墩,"台中市南屯區大墩路556號,台中市,台中市南屯區,40861",(04)23285571,一~日10:00AM-11:00PM
新大有,"桃園市桃園區大有路511號,桃園市,桃園市桃園區,33052",,一~日10:00AM-11:00PM
新屋,"桃園市新屋區中山路235號,桃園市,桃園市新屋區,327  ",(03)4777255         ,一~日9:30AM-10:30PM
新崛江,"高雄市新興區文橫二路149-1、151、151-1,高雄市,高雄市新興區,80044",(07)2011682,"日~四11:00AM-10:30PM
五~六10:00AM-11:00PM"
新市,"台南市新市區仁愛街318、320號1-2F,台南市,台南市新市區,744  ",(06)5894050         ,一~日9:00AM-11:00PM
新平,"台中市太平區中山路三段121號,台中市,台中市太平區,411",(04)22774441,一~日10:00AM-10:30PM
新店,"新北市新店區中正路156號,新北市,新北市新店區,231",(02)29175110,一~日12:00AM-12:00AM
新新埔,"新竹縣新埔鎮中正路217號1樓,新竹縣,新竹縣新埔鎮,30545",(03)5881335,一~日9:00AM-10:00PM
新明,"桃園市中壢區新明路41號,桃園市,桃園市中壢區,32044",(03)2810961,一~日10:30AM-11:00PM
新智光,"新北市永和區中正路101號1樓,新北市,新北市永和區,23455",(02)29400835,一~日10:00AM-11:00PM
新月,"宜蘭縣宜蘭市民權路二段38巷6號,宜蘭縣,宜蘭縣宜蘭市,260",(03)9315867,"日~四11:00AM-10:00PM
五~六11:00AM-10:30PM"
新民,"新竹市東區民生路194號,新竹市,新竹市東區,300  ",(03)5317871         ,一~日9:30AM-11:00PM
新泰二,"新北市新莊區新泰路55號,新北市,新北市新莊區,242",(02)22056836,一~日10:00AM-11:00PM
新海,"新北市板橋區新海路150號,新北市,新北市板橋區,220",(02)22556826,一~日10:00AM-10:30PM
新營,"台南市新營區延平路2號,台南市,台南市新營區,730",(06)6350502,一~日9:00AM-10:30PM
新生,"台北市中正區新生南路一段104號,台北市,台北市中正區,100  ",(02)23577916        ,一~日10:00AM-11:00PM
新福,"新北市新莊區幸福路524號,新北市,新北市新莊區,242  ",(02)89918215        ,一~日10:00AM-11:30PM
新竹,"新竹市東區文昌街6號,新竹市,新竹市東區,300",(03)5224191,一~日10:00AM-11:00PM
新竹北,"新竹縣竹北市博愛街359號,新竹縣,新竹縣竹北市,30265",(03)6566715,一~日10:00AM-10:00PM
新苑裡,"苗栗縣苑裡鎮中山路123號,苗栗縣,苗栗縣苑裡鎮,33841",(037)853291,一~日9:00AM-10:30PM
新莊,"新北市新莊區新泰路132號,新北市,新北市新莊區,242",(02)22779854,一~日10:00AM-11:00PM
新豐,"新竹縣新豐鄉建興路一段19號1-2F,新竹縣,新竹縣新豐鄉,304",(03)5598408,一~日9:00AM-10:30PM
新阿蓮,"高雄市阿蓮區中山路73號,高雄市,高雄市阿蓮區,82243",(07)6316031,一~日9:00AM-10:00PM
新霧峰,"台中市霧峰區中正路841、843號1-2樓,台中市,台中市霧峰區,41341",(04)23398580,一~日9:00AM-10:00PM
新龍安,"桃園市桃園區龍安街140號,桃園市,桃園市桃園區,33057",(03)2171507,一~日10:00AM-10:00PM
旗山,"高雄市旗山區延平一路617號,高雄市,高雄市旗山區,842",(07)6626138,一~日9:30AM-10:30PM
旗津,"高雄市旗津區通山路18,20號1-2F,高雄市,高雄市旗津區,805",(07)5721661,"一~五10:00AM-10:30PM
六~日9:00AM-10:30PM"
日月潭,"南投縣魚池鄉中山路121號B1-3F,南投縣,南投縣魚池鄉,55548",(049)2855102,一~日11:00AM-10:00PM
旭光,"彰化縣彰化市旭光路255號,彰化縣,彰化縣彰化市,50094",(04)7262105,一~日10:00AM-10:30PM
昆陽,"台北市南港區忠孝東路六段440號,台北市,台北市南港區,115",(02)27863315,一~日8:00AM-11:00PM
昌平,"台中市北屯區昌平路一段157、159號1-3F,台中市,台中市北屯區,406",(04)22469731,一~日10:00AM-11:00PM
明哲,"高雄市三民區明哲路1號,高雄市,高雄市三民區,807",(07)3414000,一~日10:00AM-10:30PM
景安,"新北市中和區景平路353,355號,新北市,新北市中和區,23583",(02)82455907,一~日12:00AM-12:00AM
景美,"台北市文山區景文街56號,台北市,台北市文山區,116  ",(02)29304556        ,"日~四9:00AM-11:00PM
五~六9:00AM-11:30PM"
景美2,"台北市文山區景興路195號,台北市,台北市文山區,116  ",(02)86637926        ,一~日9:00AM-11:00PM
暖暖,"基隆市暖暖區暖暖街181號,基隆市,基隆市暖暖區,20544",(02)24580239,一~日9:00AM-11:00PM
木新,"台北市文山區木新路三段119,121號,台北市,台北市文山區,11658",(02)29381692,一~日10:00AM-11:00PM
木柵,"台北市文山區興隆路三段53號,台北市,台北市文山區,116",(02)29335422,一~日9:00AM-11:00PM
木柵3,"台北市文山區木柵路三段59、61號1-2F,台北市,台北市文山區,116",(02)29368635,一~日9:00AM-11:00PM
本淵,"台南市安南區安中路三段416、418號1-3F,台南市,台南市安南區,709  ",(06)2554988         ,一~日9:30AM-10:30PM
朴子,"嘉義縣朴子市八德路10號1-2F,嘉義縣,嘉義縣朴子市,613",(05)3708162,一~日9:00AM-10:30PM
東勢,"台中市東勢區豐勢路264號,台中市,台中市東勢區,423",(04)25874674,一~日9:00AM-10:30PM
東山,"台中市北屯區東山路一段250號,台中市,台中市北屯區,406",(04)24350201,一~日10:00AM-11:00PM
東海,"台中市龍井區新興路2、2-1號,台中市,台中市龍井區,434  ",(04)26317931        ,一~日10:00AM-12:00AM
東港,"屏東縣東港鎮中山路59號,屏東縣,屏東縣東港鎮,928",(08)8353746,一~日9:00AM-11:00PM
東湖,"台北市內湖區東湖路31號,台北市,台北市內湖區,114  ",(02)26313452        ,一~日8:30AM-12:00AM
東興,"台北市松山區南京東路5段301號1~3樓,台北市,台北市松山區,105",(02)27660301,一~日9:30AM-11:00PM
松二,"台北市信義區松山路564、566號,台北市,台北市信義區,110",(02)27270714,一~日9:00AM-11:00PM
松山,"台北市松山區八德路四段725號,台北市,台北市松山區,105",(02)27477253,一~日12:00AM-12:00AM
松江,"台北市中山區松江路287號,台北市,台北市中山區,104",(02)25030603,一~日12:00AM-12:00AM
板七,"新北市板橋區中正路222號,新北市,新北市板橋區,220",(02)29651995,一~日10:00AM-11:00PM
板中,"新北市板橋區中山路一段19號1-2F,新北市,新北市板橋區,220",(02)29588148,一~日10:00AM-11:00PM
板文,"新北市板橋區文化路一段411號,新北市,新北市板橋區,22047",(02)22500971,一~日9:00AM-10:30PM
板金,"新北市板橋區金門街286,288號,新北市,新北市板橋區,220  ",(02)26817002        ,一~日10:00AM-10:30PM
枋寮,"屏東縣枋寮鄉中山路156號,屏東縣,屏東縣枋寮鄉,940",(08)8783165,一~日9:30AM-10:30PM
林口,"新北市林口區中正路103號,新北市,新北市林口區,244  ",(02)26017289        ,一~日9:00AM-10:30PM
林口二,"新北市林口區文化二路一段152號,新北市,新北市林口區,24448",(02)26069635,一~日10:00AM-10:00PM
林口環,"桃園市龜山區復興一路8號1樓(環球購物中心),桃園市,桃園市龜山區,33375",(03)3181095,一~日11:00AM-9:30PM
林園,"高雄市林園區東林西路29號,高雄市,高雄市林園區,832  ",(07)6419896         ,一~日9:00AM-11:00PM
林森,"台北市中山區林森北路380號,台北市,台北市中山區,104  ",(02)25678964        ,一~日12:00AM-12:00AM
林森北,"台北市中山區林森北路131號1樓,台北市,台北市中山區,10454",(02)21001905,一~日11:00AM-1:00AM
校園,"台北市大安區新生南路三段112號1-3F,台北市,台北市大安區,106",(02)23642341,"一~四10:00AM-11:00PM
五~日10:00AM-11:30PM"
桃中,"桃園市桃園區中平路及中州街84號、84-1號及121號,桃園市,桃園市桃園區,33060",(03)2201361,一~日10:00AM-10:30PM
桃園,"桃園市桃園區中正路146、148號,桃園市,桃園市桃園區,330",(03)3392025,一~日9:00AM-10:30PM
桃購,"桃園市桃園區經國路369號B1,桃園市,桃園市桃園區,330",(03)3150262,一~日10:00AM-10:00PM
桃鶯,"桃園市八德區桃鶯路53號1-3F,桃園市,桃園市八德區,334",(03)3661961,一~日9:30AM-11:00PM
桃鶯2,"桃園市桃園區桃鶯路253、255號B1-1F,桃園市,桃園市桃園區,330",(03)3759118,一~日9:30AM-11:00PM
楊梅,"桃園市楊梅區大成路109號,桃園市,桃園市楊梅區,326",(03)4851554,一~日9:00AM-11:00PM
楠梓,"高雄市楠梓區建楠路156號,高雄市,高雄市楠梓區,811  ",(07)3524242         ,"一~四9:00AM-11:00PM
五~日9:30AM-11:00PM"
楠梓二,"高雄市楠梓區後昌路123號,高雄市,高雄市楠梓區,811",(07)3663279,一~日9:30AM-10:30PM
樂華,"新北市永和區永和路一段164、166號,新北市,新北市永和區,234",(02)86603208,一~日10:00AM-2:00AM
樹一,"新北市樹林區中山路一段35-1號,新北市,新北市樹林區,238",(02)26842442,一~日10:00AM-11:00PM
樹二,"新北市樹林區博愛一街9號,新北市,新北市樹林區,238",(02)26843712,一~日9:00AM-11:00PM
樹林,"新北市樹林區中山路一段35-1號,新北市,新北市樹林區,238",(02)26842442,一~日10:00AM-11:00PM
樹林3,"新北市樹林區中華路267號,新北市,新北市樹林區,23860",(02)86862920,一~日10:00AM-11:00PM
正義,"新北市三重區正義北路179號,新北市,新北市三重區,241",(02)89883488,一~日10:00AM-11:00PM
武廟,"高雄市苓雅區福德二路20之1號1-2F,高雄市,高雄市苓雅區,802  ",(07)7231224         ,一~日9:30AM-11:00PM
武昌,"台北市萬華區武昌街二段37、39號,台北市,台北市萬華區,108",(02)23889107,一~日12:00AM-12:00AM
武昌二,"台北市萬華區武昌街二段81、83號,台北市,台北市萬華區,10843",(02)23120967,一~日11:00AM-12:00AM
歸仁,"台南市歸仁區中山路一段579、581號,台南市,台南市歸仁區,711",(06)3304466,一~日9:30AM-10:30PM
民安,"新北市新莊區民安路188巷6號,新北市,新北市新莊區,242",(02)22063719,"日~四9:00AM-11:00PM
五~六9:00AM-12:00AM"
民安西,"新北市新莊區民安西路228,230號,新北市,新北市新莊區,24264",(02)22025028,一~日10:00AM-10:30PM
民捷,"台北市中山區民權西路64號,台北市,台北市中山區,104",(02)25236742,一~日8:00AM-11:00PM
民族,"新北市蘆洲區民族路59、61號1-2F,新北市,新北市蘆洲區,247",(02)22825326,一~日10:00AM-11:00PM
民權,"台北市松山區民權東路三段136號,台北市,台北市松山區,105",(02)27192207,"一~五9:30AM-11:00PM
六~日10:00AM-11:00PM"
民治,"新北市板橋區民治街123號1樓,新北市,新北市板橋區,22045",(02)22510923,一~日11:00AM-10:00PM
民環,"台北市松山區民生東路五段188號,台北市,台北市松山區,105",(02)27473649,一~日10:00AM-11:00PM
民生,"台北市松山區民生東路四段60號,台北市,台北市松山區,105",(02)27127194,"一~五9:00AM-11:00PM
六~日10:00AM-11:00PM"
民雄,"嘉義縣民雄鄉昇平路1-1號,嘉義縣,嘉義縣民雄鄉,621",(05)2061045,一~日9:00AM-10:30PM
水上,"嘉義縣水上鄉中興路388號1-3F,嘉義縣,嘉義縣水上鄉,608",(05)2680073,一~日9:00AM-10:00PM
水湳,"台中市北屯區中清路36-7、38號1-2F,台中市,台中市北屯區,406",(04)22958710,一~日9:30AM-11:00PM
水田,"新竹市北區水田街111號,新竹市,新竹市北區,300  ",(03)5317850         ,一~日10:00AM-11:00PM
水里,"南投縣水里鄉民生路433號,南投縣,南投縣水里鄉,553",(049)2775076,一~日9:00AM-10:00PM
永信,"台北市大安區永康街2號,台北市,台北市大安區,106  ",(02)33932318        ,一~日9:00AM-11:00PM
永吉,"台北市信義區忠孝東路五段165巷1號1樓,台北市,台北市信義區,11064",(02)27619306,一~日10:00AM-11:00PM
永和,"新北市永和區永和路二段209號,新北市,新北市永和區,234",(02)29290930,"日~四10:00AM-11:30PM
五~六10:00AM-12:00AM"
永安,"新北市永和區中和路515號,新北市,新北市永和區,234",(02)89210752,一~日12:00AM-12:00AM
永康,"台南市永康區中正路988號,台南市,台南市永康區,710",(06)2536822,一~日9:30AM-11:00PM
永康2,"台南市永康區中華路201號,台南市,台南市永康區,710",(06)3123945,一~日9:30AM-11:00PM
永福,"台中市西屯區永福路137號1-2F,台中市,台中市西屯區,407  ",(04)24612895        ,"一~四10:00AM-11:00PM
五~日10:00AM-12:00AM"
永華,"台南市安平區永華路二段815號,台南市,台南市安平區, ",(06)2970125,一~日10:00AM-10:30PM
汐止,"新北市汐止區中興路168號,新北市,新北市汐止區,221  ",(02)26932804        ,一~日10:00AM-12:00AM
汐止2,"新北市汐止區忠孝東路267、269號1-2F,新北市,新北市汐止區,221  ",(02)86464582        ,一~日9:30AM-11:00PM
汐福,"新北市汐止區福德一路89,91號,新北市,新北市汐止區, ",(02)26958512,一~日10:00AM-11:00PM
汐科,"新北市汐止區新台五路一段93號(iFG遠雄購物中心B1),新北市,新北市汐止區,21175",(02)86916235,"日~四9:00AM-9:30PM
五~六9:00AM-10:00PM"
沙田,"台中市沙鹿區中正街55、57號,台中市,台中市沙鹿區,433  ",(04)26632747        ,一~日9:00AM-10:30PM
沙鹿,"台中市沙鹿區中山路246號,台中市,台中市沙鹿區,433  ",(04)26629925        ,一~日9:30AM-10:30PM
河北,"高雄市三民區河北二路110號,高雄市,高雄市三民區,80749",(07)2889596,一~日10:00AM-10:00PM
河南,"台中市南屯區河南路四段502號,台中市,台中市南屯區,42053",(04)23825506,一~日10:00AM-10:30PM
泰仁,"新北市泰山區仁愛路83號,新北市,新北市泰山區,24348",(02)22963235,一~日10:00AM-10:00PM
泰山,"新北市泰山區明志路三段184號,新北市,新北市泰山區,243",(02)29049742,一~日10:00AM-11:00PM
泰林,"新北市泰山區泰林路二段185號,新北市,新北市泰山區,243",(02)85311170,一~日9:00AM-10:30PM
海佃,"台南市安南區海佃路一段162號1-3F,台南市,台南市安南區,709  ",(06)3587268         ,一~日9:00AM-11:00PM
海華,"桃園市中壢區慈惠三街156號B1-4F,桃園市,桃園市中壢區,320",(03)4272511,一~日9:30AM-11:00PM
淡三,"新北市淡水區中正路77、79號1-2F,新北市,新北市淡水區,251",(02)86315516,一~日10:00AM-11:00PM
淡明,"新北市淡水區公明街48號1樓,新北市,新北市淡水區,25173",(02)26205513,一~日10:30AM-10:30PM
淡水,"新北市淡水區英專路46號,新北市,新北市淡水區,251  ",(02)26237815        ,一~日9:00AM-11:30PM
淡江,"新北市淡水區北新路182巷5號,新北市,新北市淡水區,25141",(02)26268072,"一~五10:00AM-10:00PM
六~日10:00AM-11:00PM"
淡海,"新北市淡水區中山北路一段48號,新北市,新北市淡水區,251",(02)86313236,一~日10:00AM-11:00PM
深坑,"新北市深坑區北深路三段177號,新北市,新北市深坑區,222",(02)26644262,一~日10:00AM-11:00PM
深溪,"基隆市信義區深溪路192號,基隆市,基隆市信義區,201",(02)24665291,一~日10:00AM-11:00PM
清水,"台中市清水區中山路126-7、126-8號,台中市,台中市清水區,436  ",(04)26221918        ,一~日9:00AM-10:30PM
清華,"新竹市東區光復路二段338號,新竹市,新竹市東區,300  ",(03)5730715         ,一~日10:00AM-12:00AM
港墘,"台北市內湖區內湖路一段737巷37號,台北市,台北市內湖區,114",(02)87519149,一~日9:00AM-12:00AM
湖中,"新竹縣湖口鄉中華路108&110號,新竹縣,新竹縣湖口鄉,30353",(03)5985122,一~日10:00AM-10:00PM
湖口,"新竹縣湖口鄉中正路一段19號,新竹縣,新竹縣湖口鄉,303",(03)6992411,一~日9:00AM-11:00PM
溪尾,"新北市三重區溪尾街185、187號1樓,新北市,新北市三重區,24115",(02)29811275,一~日9:00AM-10:30PM
溪湖,"彰化縣溪湖鎮彰水路三段298號,彰化縣,彰化縣溪湖鎮,514",(04)8822413,一~日9:30AM-10:00PM
溪漧,"新北市蘆洲區三民路75、77號1-2F,新北市,新北市蘆洲區,247",(02)82867151,一~日9:00AM-11:00PM
漢口,"台中市北區漢口路三段184、186號1-4F,台中市,台中市北區,404  ",(04)22913199        ,一~日10:00AM-11:00PM
漢生,"新北市中和區中山路三段191、193、195號,新北市,新北市中和區,235",(02)22237955,一~日10:00AM-11:00PM
漢神,"高雄市苓雅區成功一路239-6號1-2樓,高雄市,高雄市苓雅區,80249",(07)2156728,"日~四11:00AM-10:30PM
五~六11:00AM-11:00PM"
潭子,"台中市潭子區勝利路213、215號1-3F,台中市,台中市潭子區,427",(04)25344902,一~日10:00AM-11:00PM
潮州,"屏東縣潮州鎮新生路54號,屏東縣,屏東縣潮州鎮,920",(08)7899175,一~日9:30AM-10:00PM
潮州2,"屏東縣潮州鎮延平路98、100號1-4F,屏東縣,屏東縣潮州鎮,920",(08)7898500,一~日9:30AM-10:00PM
澄和,"高雄市三民區澄和路129號B1-2F,高雄市,高雄市三民區,807  ",(07)3905728         ,一~日9:30AM-11:00PM
澎湖,"澎湖縣馬公市中正路26號1-5F,澎湖縣,澎湖縣馬公市,880  ",(06)9269942         ,一~日10:00AM-11:00PM
灣中,"高雄市三民區灣中街341號,高雄市,高雄市三民區,80783",(07)3801760,一~日10:00AM-10:00PM
烏日,"台中市烏日區興祥街46、48號1-2F,台中市,台中市烏日區,414  ",(04)23369167        ,一~日9:00AM-11:00PM
特易發,"台中市西屯區青海路二段207-18號B1,台中市,台中市西屯區,407  ",(04)24519125        ,"日~四10:30AM-10:30PM
五~六10:30AM-11:00PM"
玉里,"花蓮縣玉里鎮中山路一段209號1-4F,花蓮縣,花蓮縣玉里鎮,981  ",(03)8888462  ,一~日9:00AM-11:00PM
瑞北,"高雄市前鎮區瑞北路52號,高雄市,高雄市前鎮區,80646",(07)7521215,一~日10:00AM-10:00PM
瑞芳,"新北市瑞芳區明燈路三段62號,新北市,新北市瑞芳區,224  ",(02)24966192        ,一~日9:00AM-11:00PM
瑞豐,"高雄市鼓山區裕誠路1087、1087-1號1-2F,高雄市,高雄市鼓山區,804  ",(07)5552893         ,"日~四10:00AM-1:00AM
五~六10:00AM-2:00AM"
瑞隆,"高雄市前鎮區瑞隆路436號,高雄市,高雄市前鎮區,806  ",(07)7131906         ,一~日9:30AM-11:00PM
環東,"桃園市中壢區環中東路216號,桃園市,桃園市中壢區,32083",(03)4623305,一~日10:00AM-11:00PM
田中,"彰化縣田中鎮中州路一段190號,彰化縣,彰化縣田中鎮,520  ",(04)8745642         ,一~日9:00AM-10:30PM
白河,"台南市白河區中山路32-2號1-5F,台南市,台南市白河區,732",(06)6857258,一~日9:00AM-10:00PM
知行,"台北市北投區知行路222號1-2樓,台北市,台北市北投區,11260",(02)28581591,一~日10:00AM-11:00PM
石牌,"台北市北投區石牌路二段76號,台北市,台北市北投區,112",(02)28236841,一~日12:00AM-12:00AM
磺港,"台北市北投區磺港路8號,台北市,台北市北投區,112",(02)28978578,一~日8:00AM-11:00PM
礁溪,"宜蘭縣礁溪鎮德陽路12號,宜蘭縣,宜蘭縣礁溪鎮,262",(03)9870059,"一~四10:00AM-11:00PM
五~日10:00AM-12:00AM"
社頭,"彰化縣社頭鄉社斗路一段205號1-4F,彰化縣,彰化縣社頭鄉,511  ",(04)8727139         ,"一~四9:00AM-11:00PM
五~日9:30AM-11:00PM"
神農,"宜蘭縣宜蘭市神農路一段79號1-2樓,宜蘭縣,宜蘭縣宜蘭市,26047",(03)9313661,"日~四10:00AM-10:00PM
五~六10:00AM-11:00PM"
祟義,"台南市東區崇德路646號1-2F,台南市,台南市東區,701",(06)2689423,一~日10:00AM-11:00PM
福州,"桃園市中壢區福州一街250號、252號1樓,桃園市,桃園市中壢區,32059",(03)4352070,一~日10:00AM-10:30PM
福德,"台北市信義區福德街191號1-2F,台北市,台北市信義區,110  ",(02)27276826        ,一~日9:00AM-11:00PM
秀山,"新北市永和區民權路53號,新北市,新北市永和區,234",(02)89434370,一~日10:00AM-11:00PM
科技,"台北市大安區復興南路二段205號,台北市,台北市大安區,106",(02)27052963,一~日8:00AM-11:30PM
站前,"新竹市東區中正路5號,新竹市,新竹市東區,300",(03)5224135,一~日9:00AM-12:00AM
竹中,"新竹市北區中山路110號1-2樓,新竹市,新竹市北區,30046",(03)5280235,一~日10:00AM-10:00PM
竹光,"新竹市東區光復路一段180號,新竹市,新竹市東區,30074",(03)5781189,一~日10:00AM-11:00PM
竹勝,"新竹縣竹北市勝利二路38號,新竹縣,新竹縣竹北市,302",(03)6682396,一~日11:00AM-10:00PM
竹南,"苗栗縣竹南鎮博愛街73號,苗栗縣,苗栗縣竹南鎮,350",(037)475298,一~日9:30AM-11:00PM
竹圍,"新北市淡水區民族路10號,新北市,新北市淡水區,251",(02)28095602,一~日10:00AM-11:00PM
竹山,"南投縣竹山鎮集山路三段959、961號1-3F,南投縣,南投縣竹山鎮,557",(049)2653080,一~日9:00AM-10:00PM
竹東,"新竹縣竹東鎮東寧路三段103、105號,新竹縣,新竹縣竹東鎮,310",(03)5957063,一~日9:00AM-10:30PM
竹林,"新北市永和區竹林路231號,新北市,新北市永和區,234  ",(02)89261274        ,"日~四10:00AM-11:00PM
五~六10:00AM-11:30PM"
竹燦,"新竹縣竹北市三民路423、425號1-2F,新竹縣,新竹縣竹北市,302",(03)5528714,一~日10:00AM-10:30PM
竹科,"新竹市東區金山街21、23號,新竹市,新竹市東區,300",(03)5799150,一~日10:00AM-11:00PM
精武,"台中市東區精武東路105號,台中市,台中市東區,401",(04)22120275,一~日10:00AM-10:30PM
精誠,"台中市西區精誠路154號1-5F,台中市,台中市西區,403  ",(04)23102438        ,一~日10:00AM-11:00PM
統領,"台北市大安區忠孝東路四段209號,台北市,台北市大安區,106",(02)27788160,一~日12:00AM-12:00AM
縣府,"桃園市桃園區縣府路314、316號1-2F,桃園市,桃園市桃園區,330",(03)3344997,一~日9:00AM-11:00PM
縣政,"新竹縣竹北市光明六路89號1樓,新竹縣,新竹縣竹北市,30268",(03)5588858,一~日10:00AM-10:00PM
總公司,"台北市松山區八德路四段760號11樓,台北市,台北市松山區,10567",(02)27421234,
羅二,"台北市中正區羅斯福路四段58號,台北市,台北市中正區,100",(02)23696435,一~日10:00AM-11:30PM
羅東,"宜蘭縣羅東鎮興東路6號1樓,宜蘭縣,宜蘭縣羅東鎮,265  ",(03)9569820         ,一~日12:00AM-12:00AM
羅民,"宜蘭縣羅東鎮民生路30號,宜蘭縣,宜蘭縣羅東鎮,265  ",(03)9563978         ,"日~四9:00AM-11:00PM
五~六9:00AM-12:00AM"
羅站,"宜蘭縣羅東鎮公正路66號和66-1號1-2樓,宜蘭縣,宜蘭縣羅東鎮,30545",(03)9559920,"日~四9:00AM-10:00PM
五~六9:00AM-11:00PM"
美南,"台中市南區美村南路78、80號1-4F,台中市,台中市南區,402  ",(04)22651634        ,一~日9:30AM-11:00PM
美村,"台中市西區美村路一段686號,台中市,台中市西區,403",(04)23726190,一~日9:30AM-11:00PM
美村二,"台中市西區美村路一段22號,台中市,台中市西區,40351",(04)23230890,一~日10:00AM-11:00PM
美濃,"高雄市美濃區中正路一段42號,高雄市,高雄市美濃區,843",(07)6818515,一~日9:30AM-10:00PM
美琪,"花蓮縣花蓮市中正路388號1-2F,花蓮縣,花蓮縣花蓮市,970",(03)8355521,一~日9:00AM-11:00PM
義勇,"桃園市八德區義勇街140, 140-1號,桃園市,桃園市八德區,33442",(03)2180481,一~日10:00AM-10:30PM
義大,"高雄市大樹區學城路一段12號,高雄市,高雄市大樹區,840",(07)6569016,"一~五11:00AM-10:00PM
六~日10:00AM-10:00PM"
耕莘,"新北市新店區中正路348號B1~3F,新北市,新北市新店區,23148",(02)29103441,一~日9:00AM-11:00PM
臥龍,"台北市大安區和平東路二段365號,台北市,台北市大安區,10670",(02)23255321,一~日9:00AM-11:00PM
臨江,"台北市大安區光復南路704號,台北市,台北市大安區, ",(02)27007561,一~日9:00AM-2:00AM
自強,"台北市北投區自強街88號 & 92號,台北市,台北市北投區,11289",(02)28202156,一~日10:00AM-10:00PM
自由3,"高雄市左營區自由三路210號1-3樓,高雄市,高雄市左營區,81364",(07)3417360,一~日10:00AM-10:00PM
興中,"高雄市苓雅區興中一路377號,高雄市,高雄市苓雅區, ",(07)3317291,一~日10:00AM-11:00PM
興大,"台中市南區學府路65,67號,台中市,台中市南區,402  ",(04)22854422        ,一~日9:30AM-11:30PM
興業,"嘉義市西區仁愛路300號,嘉義市,嘉義市西區,600  ",(05)2254776         ,一~日9:00AM-10:30PM
興業西,"嘉義市西區興業西路328號,嘉義市,嘉義市西區,60058",(05)2351721,一~日10:00AM-10:00PM
花中,"花蓮縣花蓮市中山路551、553號1-4F,花蓮縣,花蓮縣花蓮市,970  ",(03)8321403  ,一~日9:00AM-11:00PM
花中二,"花蓮縣花蓮市中正路541號,花蓮縣,花蓮縣花蓮市,97061",(03)8330761,一~日10:00AM-11:00PM
花壇,"彰化縣花壇鄉中正路176號,彰化縣,彰化縣花壇鄉, ",(04)7870827,一~日10:00AM-10:00PM
花蓮,"花蓮縣花蓮市中山路209號,花蓮縣,花蓮縣花蓮市,970",(03)8338141,一~日9:00AM-11:00PM
苗栗,"苗栗縣苗栗市光復路45巷1號,苗栗縣,苗栗縣苗栗市,360  ",(037)330949         ,一~日9:00AM-11:00PM
苗農,"苗栗縣苗栗市中正路336號,苗栗縣,苗栗縣苗栗市,360  ",(037)373151         ,一~日10:00AM-10:00PM
草屯,"南投縣草屯鎮太平路二段262、264號,南投縣,南投縣草屯鎮,542",(049)2357842,一~日9:30AM-11:00PM
草衙,"高雄市前鎮區草衙二路393號1-3F,高雄市,高雄市前鎮區,806  ",(07)8158503         ,一~日9:00AM-11:00PM
莒光,"新北市板橋區莒光路33號1-4F,新北市,新北市板橋區,220",(02)22504416,一~日10:00AM-11:00PM
莒光2,"新北市中和區莒光路127號1-2樓,新北市,新北市中和區,235",(02)22258909,一~日10:00AM-11:30PM
華平,"台南市安平區慶平路289號1~2樓,台南市,台南市安平區,708",(06)2930411,一~日10:00AM-10:30PM
華新,"新北市中和區華新街95、97號1-2F,新北市,新北市中和區,235  ",(02)89416580        ,一~日10:00AM-11:00PM
華王,"高雄市鹽埕區五福四路55、57號,高雄市,高雄市鹽埕區,803",(07)5328478,一~日10:00AM-11:00PM
萬丹,"屏東縣萬丹鄉萬丹路一段176號,屏東縣,屏東縣萬丹鄉,913",(08)7760468,"一~四9:30AM-10:30PM
五~日9:30AM-11:00PM"
萬大,"台北市萬華區萬大路497號,台北市,台北市萬華區,108",(02)23379982,一~日9:00AM-11:00PM
藍田,"高雄市楠梓區藍田路288號,高雄市,高雄市楠梓區, ",(07)5912808,一~日10:00AM-10:00PM
藝文,"桃園市桃園區中正路1228,1230號,桃園市,桃園市桃園區,330  ",(03)3551180         ,一~日9:00AM-11:00PM
蘆中,"桃園市蘆竹區中山路59,61號,桃園市,桃園市蘆竹區,33850",(03)2121612,一~日9:00AM-10:30PM
蘆洲,"新北市蘆洲區長安街138號,新北市,新北市蘆洲區,247",(02)82813773,"日~四9:00AM-11:00PM
五~六10:00AM-12:00AM"
蘇澳,"宜蘭縣蘇澳鎮中山路一段78、80號1-2F,宜蘭縣,宜蘭縣蘇澳鎮,270  ",(03)9955489      ,一~日9:00AM-11:00PM
虎尾,"雲林縣虎尾鎮中正路141號,雲林縣,雲林縣虎尾鎮,632",(05)6320734,一~日9:00AM-11:00PM
裕民,"新北市土城區裕民路52號,新北市,新北市土城區,23663",(02)22600176,一~日10:00AM-11:00PM
裕誠,"高雄市左營區裕誠路413號、415號,高雄市,高雄市左營區,813  ",(07)5586550         ,一~日9:30AM-11:00PM
西園,"台北市萬華區西園路一段198號1-2F,台北市,台北市萬華區,108",(02)23368451,一~日12:00AM-12:00AM
西屯,"台中市西屯區西屯路二段16-1號1-2F,台中市,台中市西屯區,407",(04)23176008,一~日10:30AM-11:00PM
西螺,"雲林縣西螺鎮中山路167、169號1-3F,雲林縣,雲林縣西螺鎮,648  ",(05)5862832         ,"一~四9:30AM-11:00PM
五~日9:00AM-11:00PM"
西門,"台北市萬華區成都路15號,台北市,台北市萬華區,108",(02)23140833,一~日12:00AM-12:00AM
觀音,"桃園市觀音區大觀路二段163號B1-2F,桃園市,桃園市觀音區,328",(03)4836040,一~日9:30AM-10:30PM
誠品信,"台北市信義區松高路11號B2F,台北市,台北市信義區,11073",(02)27231815,"日~四11:00AM-10:00PM
五~六11:00AM-11:00PM"
誠品捷,"台北市中正區忠孝西路一段49號B1,台北市,台北市中正區,10041",(02)23612936,一~日7:30AM-10:30PM
誠品站,"台北市中正區忠孝西路一段47號,台北市,台北市中正區,10041",(02)23111901,一~日9:00AM-10:30PM
豐功,"台中市豐原區成功路148 & 150號,台中市,台中市豐原區,42053",(04)25120360,一~日10:00AM-10:00PM
豐原,"台中市豐原區中正路147號,台中市,台中市豐原區,420  ",(04)25254891        ,一~日10:00AM-11:00PM
赤崁,"台南市中西區成功路211號1-2樓,台南市,台南市中西區,70042",(06)2201759,一~日9:30AM-10:30PM
路竹,"高雄市路竹區大社路21、23號1-4F,高雄市,高雄市路竹區,821  ",(07)6964440         ,一~日9:00AM-10:45PM
輔仁,"新北市新莊區中正路516-2號,新北市,新北市新莊區,242",(02)29086821,一~日9:00AM-11:00PM
農安,"台北市中山區雙城街14號,台北市,台北市中山區,104  ",(02)25991826        ,一~日12:00AM-12:00AM
通化,"台北市大安區信義路四段296號1-2F,台北市,台北市大安區,110",(02)27050371,一~日12:00AM-12:00AM
通霄,"苗栗縣通霄鎮中正路82號,苗栗縣,苗栗縣通霄鎮,357",(037)762612,一~日10:00AM-10:30PM
逢甲,"台中市西屯區福星路427號,台中市,台中市西屯區,407  ",(04)24510153        ,一~日12:00AM-12:00AM
連城,"新北市中和區連城路351號1-2樓,新北市,新北市中和區,235",(02)22266179,一~日9:00AM-11:00PM
酒泉,"台北市大同區酒泉街70號1-2F,台北市,台北市大同區,103  ",(02)25973498        ,一~日9:30AM-11:30PM
里港,"屏東縣里港鄉中山路49、51號1-3F,屏東縣,屏東縣里港鄉,905",(08)7751285,一~日9:30AM-10:30PM
金城,"新北市土城區金城路三段1、3號,新北市,新北市土城區,236",(02)82601608,一~日12:00AM-12:00AM
金山,"新北市金山區中山路228、230號1-2F,新北市,新北市金山區,208",(02)24081107,一~日8:00AM-10:00PM
金華,"台南市南區金華路二段87號,台南市,台南市南區,702",(06)2916797,一~日10:00AM-11:00PM
金華2,"台南市中西區金華路三段88號1-2樓,台南市,台南市中西區,70055",(06)2223371,一~日10:00AM-10:30PM
金門,"金門縣金城鎮民生路35-2號35-3號,金門縣,金門縣金城鎮,893",(082)325549,一~日9:00AM-11:00PM
金門2,"金門縣金湖鎮中正路90號1-3樓,金門縣,金門縣金湖鎮,89142",(082)330282,
錦州,"台北市中山區錦州街448號1樓,台北市,台北市中山區,10478",(02)25015960,"一~五9:00AM-11:00PM
六~日9:30AM-11:00PM"
長壽,"新北市板橋區三民路二段97、99號B1-1樓,新北市,新北市板橋區,22069",(02)29530701,一~日10:00AM-10:30PM
長安東,"台北市中山區長安東路二段77號,台北市,台北市中山區,10455",(02)25151757,"一~五9:00AM-11:00PM
六~日10:00AM-11:00PM"
長庚,"桃園市龜山區復興一路80號,桃園市,桃園市龜山區,333  ",(03)2114704         ,一~日12:00AM-12:00AM
長庚大,"桃園市龜山區文化一路259號,桃園市,桃園市龜山區,33302",(03)211-8053,一~日12:00AM-9:00PM
長春,"台北市中山區長春路184號,台北市,台北市中山區,104",(02)25048416,一~日10:00AM-11:00PM
長榮,"新北市蘆洲區長榮路25號,新北市,新北市蘆洲區,247",(02)22885788,一~日9:00AM-11:00PM
開元,"台南市北區開元路517號1樓,台南市,台南市北區,70442",(06)2091801,一~日10:00AM-10:00PM
關廟,"台南市關廟區中山路一段640號,台南市,台南市關廟區,71844",(06)5965631,一~日10:00AM-10:00PM
關西,"新竹縣關西鎮中興路14號1-3F,新竹縣,新竹縣關西鎮,306  ",(03)5171871         ,一~日9:00AM-10:00PM
陽明,"新北市板橋區文化路一段280號,新北市,新北市板橋區,220",(02)22510986,一~日12:00AM-12:00AM
集美,"新北市三重區集美街103號,新北市,新北市三重區,24144",(02)29706861,一~日10:00AM-11:00PM
雙十,"新北市板橋區雙十路二段213,215,217,219號,新北市,新北市板橋區,220",(02)82528005,一~日9:00AM-11:00PM
雙連,"台北市中山區民生西路54號,台北市,台北市中山區,103  ",(02)25224551        ,一~日12:00AM-12:00AM
雲科,"雲林縣斗六市中山路300-1號,雲林縣,雲林縣斗六市,640  ",(05)5344185         ,一~日10:00AM-11:00PM
青年,"高雄市鳳山區青年路二段389號1-4F,高雄市,高雄市鳳山區,830  ",(07)7776428         ,一~日10:00AM-11:00PM
青海,"台中市西屯區青海路一段174號1-2F,台中市,台中市西屯區,407  ",(04)23179269        ,一~日10:00AM-11:00PM
靜修,"彰化縣員林鎮靜修路52-19號1-2樓,彰化縣,彰化縣員林鎮,51052",(04)8382621,一~日10:00AM-10:00PM
靜宜,"台中市沙鹿區台灣大道七段259號1-2樓,台中市,台中市沙鹿區,43342",(04)26329281,一~日10:00AM-10:30PM
頭份,"苗栗縣頭份鎮中正路159號,苗栗縣,苗栗縣頭份鎮,351",(037)670441,一~日10:00AM-10:30PM
頭城,"宜蘭縣頭城鎮青雲路三段165、167號1-3F,宜蘭縣,宜蘭縣頭城鎮,261",(03)9777332,一~日10:00AM-11:00PM
館前,"台北市中正區館前路18號1樓,台北市,台北市中正區,100",(02)23898169,一~日8:00AM-12:00AM
香山,"新竹市香山區經國路三段31號,新竹市,新竹市香山區,30056",(03)5390155,一~日10:00AM-10:00PM
高明,"高雄市三民區陽明路172、176號,高雄市,高雄市三民區,80773",(07)3802112,一~日10:00AM-10:00PM
高樹,"屏東縣高樹鄉南興路110號1-3F,屏東縣,屏東縣高樹鄉,906",(08)7961430,一~日8:30AM-10:00PM
鳳山,"高雄市鳳山區中山路120-1號1-2F,高雄市,高雄市鳳山區,830  ",(07)7450560         ,一~日9:00AM-12:00AM
鳳松,"高雄市鳳山區經武路229號1-2樓,高雄市,高雄市鳳山區,83041",(07)7198636,一~日10:00AM-10:00PM
鶯歌,"新北市鶯歌區建國路158號1-3F,新北市,新北市鶯歌區,239  ",(02)26774393        ,一~日9:00AM-11:00PM
鹽埔,"屏東縣鹽埔鄉維新路109-2號,屏東縣,屏東縣鹽埔鄉,907  ",(08)7934580         ,一~日10:00AM-9:30PM
鹽水,"台南市鹽水區朝琴路41、43號1-2F,台南市,台南市鹽水區,737  ",(06)6528506         ,一~日9:00AM-10:00PM
鹿港,"彰化縣鹿港鎮民族路99、101號,彰化縣,彰化縣鹿港鎮,505  ",(04)7782896         ,一~日9:30AM-10:00PM
麥寮,"雲林縣麥寮鄉中興路42號1-2F,雲林縣,雲林縣麥寮鄉,638",(05)6938520,一~日9:00AM-10:00PM
麻豆,"台南市麻豆區興中路96號,台南市,台南市麻豆區,721",(06)5727914,一~日9:00AM-10:30PM
黎新,"台中市南屯區黎明路一段1010、1010-1號1-4F,台中市,台中市南屯區,408  ",(04)23812910        ,一~日9:00AM-10:30PM
黎明,"台中市南屯區黎明路二段417號1-2F,台中市,台中市南屯區,408  ",(04)22519510        ,一~日10:00AM-11:00PM
龍岡,"桃園市中壢區龍東路219號,桃園市,桃園市中壢區,320",(03)4360617,一~日9:00AM-11:00PM
龍江,"台北市中山區龍江路283號,台北市,台北市中山區,104",(02)25162125,一~日9:30AM-11:00PM
龍江二,"台北市中山區龍江路356巷16號,台北市,台北市中山區,10492",(02)25012717,一~日9:30AM-10:30PM
龍泉,"台北市大安區師大路125號,台北市,台北市大安區,106",(02)23683013,一~日9:00AM-12:00AM
龍潭,"桃園市龍潭區中正路110號,桃園市,桃園市龍潭區,325",(03)4800157,一~日9:00AM-11:00PM
龍興,"桃園市龍潭區中興路279號1-2樓,桃園市,桃園市龍潭區,32042",(03)4992837,一~日10:00AM-10:00PM
龍華,"桃園市龜山區萬壽路一段298號1-2F,桃園市,桃園市龜山區,333  ",(02)82003973        ,一~日9:00AM-11:00PM
龜山,"桃園市龜山區中興路431-2、433號1-4F,桃園市,桃園市龜山區,333",(03)3193068,一~日9:00AM-11:00PM
